time,output
1,-36
2,-36
3,-36
4,-36
5,-36.8
6,-36
7,-36.8
8,-36.8
9,-36.8
10,-36.8
11,-37.6
12,-37.6
13,-36.8
14,-37.6
15,-37.6
16,-37.6
17,-37.6
18,-37.6
19,-37.6
20,-37.6
21,-38.4
22,-37.6
23,-38.4
24,-38.4
25,-38.4
26,-38.4
27,-38.4
28,-38.4
29,-38.4
30,-38.4
31,-38.4
32,-38.4
33,-38.4
34,-38.4
35,-39.2
36,-38.4
37,-39.2
38,-38.4
39,-39.2
40,-38.4
41,-38.4
42,-39.2
43,-39.2
44,-39.2
45,-39.2
46,-40
47,-39.2
48,-39.2
49,-39.2
50,-40
51,-39.2
52,-40
53,-39.2
54,-39.2
55,-40
56,-40
57,-40
58,-40
59,-40
60,-40
61,-39.2
62,-40
63,-40
64,-40
65,-39.2
66,-39.2
67,-40
68,-40
69,-40
70,-40
71,-40
72,-40
73,-40
74,-40
75,-40
76,-40
77,-40
78,-40
79,-40
80,-39.2
81,-40
82,-40
83,-40
84,-40
85,-40
86,-40
87,-40
88,-40
89,-40
90,-40
91,-40
92,-40
93,-40
94,-40
95,-40
96,-40
97,-40
98,-40
99,-40
100,-40
101,-40
102,-40
103,-40
104,-40
105,-40
106,-40
107,-40
108,-40
109,-39.2
110,-39.2
111,-40
112,-40
113,-39.2
114,-40
115,-39.2
116,-40
117,-39.2
118,-39.2
119,-39.2
120,-39.2
121,-39.2
122,-39.2
123,-39.2
124,-38.4
125,-39.2
126,-38.4
127,-38.4
128,-38.4
129,-38.4
130,-38.4
131,-38.4
132,-38.4
133,-38.4
134,-38.4
135,-38.4
136,-37.6
137,-38.4
138,-38.4
139,-37.6
140,-37.6
141,-37.6
142,-37.6
143,-36
144,-37.6
145,-36.8
146,-36
147,-36.8
148,-36
149,-36
150,-36
151,-36
152,-35.2
153,-35.2
154,-35.2
155,-36
156,-34.4
157,-34.4
158,-35.2
159,-34.4
160,-34.4
161,-34.4
162,-34.4
163,-33.6
164,-33.6
165,-33.6
166,-33.6
167,-32.8
168,-32.8
169,-32.8
170,-32.8
171,-32.8
172,-32
173,-32
174,-32
175,-32
176,-31.2
177,-31.2
178,-31.2
179,-31.2
180,-31.2
181,-30.4
182,-30.4
183,-30.4
184,-29.6
185,-30.4
186,-30.4
187,-29.6
188,-29.6
189,-28.8
190,-28.8
191,-28.8
192,-29.6
193,-28
194,-28
195,-28
196,-28
197,-27.2
198,-27.2
199,-27.2
200,-27.2
201,-26.4
202,-26.4
203,-26.4
204,-25.6
205,-25.6
206,-24.8
207,-24.8
208,-24.8
209,-24.8
210,-24.8
211,-24
212,-24
213,-24
214,-24
215,-23.2
216,-23.2
217,-23.2
218,-23.2
219,-23.2
220,-22.4
221,-21.6
222,-22.4
223,-21.6
224,-20.8
225,-20.8
226,-20.8
227,-20.8
228,-20
229,-20
230,-20
231,-20
232,-20
233,-19.2
234,-19.2
235,-18.4
236,-18.4
237,-18.4
238,-17.6
239,-17.6
240,-17.6
241,-17.6
242,-16.8
243,-16.8
244,-16.8
245,-16.8
246,-16
247,-16
248,-15.2
249,-15.2
250,-14.4
251,-14.4
252,-14.4
253,-14.4
254,-13.6
255,-14.4
256,-13.6
257,-13.6
258,-12.8
259,-12.8
260,-12
261,-12
262,-11.2
263,-11.2
264,-11.2
265,-11.2
266,-10.4
267,-10.4
268,-10.4
269,-9.6
270,-9.6
271,-9.6
272,-9.6
273,-8.8
274,-8.8
275,-8
276,-8
277,-8
278,-8
279,-7.2
280,-7.2
281,-7.2
282,-6.4
283,-6.4
284,-5.6
285,-5.6
286,-5.6
287,-5.6
288,-5.6
289,-4
290,-4
291,-4
292,-4
293,-3.2
294,-4
295,-3.2
296,-3.2
297,-2.4
298,-2.4
299,-2.4
300,-1.6
301,-2.4
302,-1.6
303,-1.6
304,-1.6
305,-0.8
306,-1.6
307,-0.8
308,0
309,0
310,0
311,0.8
312,0.8
313,0.8
314,0.8
315,1.6
316,1.6
317,2.4
318,2.4
319,2.4
320,2.4
321,2.4
322,3.2
323,3.2
324,3.2
325,3.2
326,4
327,4
328,4
329,4.8
330,4.8
331,4.8
332,5.6
333,4.8
334,5.6
335,5.6
336,5.6
337,6.4
338,6.4
339,7.2
340,6.4
341,7.2
342,7.2
343,8
344,8
345,8
346,8
347,8.8
348,8.8
349,8.8
350,9.6
351,9.6
352,10.4
353,10.4
354,9.6
355,10.4
356,10.4
357,10.4
358,11.2
359,11.2
360,11.2
361,12
362,12.8
363,12.8
364,12
365,12.8
366,12.8
367,13.6
368,13.6
369,14.4
370,13.6
371,14.4
372,14.4
373,14.4
374,16
375,15.2
376,15.2
377,16
378,16
379,16
380,16.8
381,16.8
382,16.8
383,16.8
384,17.6
385,17.6
386,17.6
387,18.4
388,18.4
389,18.4
390,18.4
391,19.2
392,19.2
393,19.2
394,19.2
395,19.2
396,18.4
397,20
398,20
399,20
400,20
401,20
402,20
403,20.8
404,20.8
405,21.6
406,20.8
407,21.6
408,21.6
409,21.6
410,21.6
411,21.6
412,21.6
413,22.4
414,22.4
415,22.4
416,21.6
417,22.4
418,22.4
419,23.2
420,24
421,23.2
422,24
423,24
424,24.8
425,24
426,24.8
427,24.8
428,24.8
429,25.6
430,25.6
431,25.6
432,25.6
433,25.6
434,26.4
435,27.2
436,27.2
437,27.2
438,26.4
439,27.2
440,27.2
441,28
442,28
443,28.8
444,28.8
445,28.8
446,28.8
447,29.6
448,29.6
449,29.6
450,29.6
451,29.6
452,29.6
453,30.4
454,30.4
455,30.4
456,30.4
457,30.4
458,31.2
459,31.2
460,31.2
461,31.2
462,31.2
463,31.2
464,32
465,31.2
466,32
467,32
468,32.8
469,32
470,32.8
471,32.8
472,32.8
473,33.6
474,32.8
475,33.6
476,33.6
477,33.6
478,33.6
479,32.8
480,34.4
481,33.6
482,34.4
483,34.4
484,34.4
485,35.2
486,34.4
487,35.2
488,35.2
489,35.2
490,34.4
491,35.2
492,36
493,35.2
494,35.2
495,36
496,36
497,36
498,36
499,36
500,36
501,36
502,36.8
503,36.8
504,36.8
505,36.8
506,36.8
507,36
508,36.8
509,36.8
510,36.8
511,36.8
512,36.8
513,37.6
514,37.6
515,37.6
516,37.6
517,37.6
518,37.6
519,38.4
520,38.4
521,38.4
522,38.4
523,38.4
524,37.6
525,38.4
526,38.4
527,38.4
528,38.4
529,38.4
530,38.4
531,38.4
532,38.4
533,39.2
534,38.4
535,39.2
536,38.4
537,39.2
538,39.2
539,38.4
540,39.2
541,39.2
542,38.4
543,39.2
544,39.2
545,39.2
546,39.2
547,39.2
548,39.2
549,39.2
550,39.2
551,39.2
552,40
553,39.2
554,40
555,40
556,40
557,40
558,40
559,40
560,40
561,40
562,40
563,40
564,39.2
565,40
566,39.2
567,40
568,39.2
569,39.2
570,40
571,39.2
572,40
573,39.2
574,40
575,40
576,39.2
577,40
578,39.2
579,40
580,39.2
581,39.2
582,39.2
583,39.2
584,40
585,39.2
586,39.2
587,39.2
588,39.2
589,39.2
590,39.2
591,39.2
592,39.2
593,38.4
594,38.4
595,38.4
596,38.4
597,38.4
598,38.4
599,38.4
600,38.4
601,38.4
602,38.4
603,38.4
604,38.4
605,37.6
606,37.6
607,36.8
608,37.6
609,37.6
610,36.8
611,36.8
612,36.8
613,36.8
614,36.8
615,36.8
616,36.8
617,36.8
618,36.8
619,36
620,36.8
621,36.8
622,36
623,36.8
624,36
625,36
626,36
627,35.2
628,35.2
629,35.2
630,35.2
631,34.4
632,35.2
633,34.4
634,34.4
635,34.4
636,34.4
637,34.4
638,33.6
639,34.4
640,33.6
641,33.6
642,33.6
643,32.8
644,32.8
645,32.8
646,32.8
647,32.8
648,32
649,32.8
650,32.8
651,32
652,32
653,32
654,31.2
655,31.2
656,31.2
657,31.2
658,31.2
659,31.2
660,30.4
661,30.4
662,30.4
663,30.4
664,30.4
665,30.4
666,29.6
667,29.6
668,29.6
669,29.6
670,29.6
671,28.8
672,28.8
673,28
674,28.8
675,27.2
676,28
677,28
678,27.2
679,27.2
680,26.4
681,27.2
682,27.2
683,26.4
684,26.4
685,25.6
686,26.4
687,25.6
688,25.6
689,25.6
690,24.8
691,24.8
692,24.8
693,24
694,24.8
695,24
696,24
697,24
698,24
699,22.4
700,23.2
701,23.2
702,23.2
703,22.4
704,22.4
705,22.4
706,21.6
707,21.6
708,21.6
709,20.8
710,21.6
711,21.6
712,20.8
713,21.6
714,20
715,20
716,20
717,20
718,20
719,20
720,19.2
721,19.2
722,19.2
723,18.4
724,18.4
725,17.6
726,18.4
727,18.4
728,17.6
729,17.6
730,17.6
731,17.6
732,17.6
733,16.8
734,16.8
735,16.8
736,16
737,16
738,16
739,16
740,16
741,16
742,15.2
743,15.2
744,15.2
745,14.4
746,14.4
747,14.4
748,14.4
749,14.4
750,14.4
751,14.4
752,12.8
753,12.8
754,11.2
755,10.4
756,10.4
757,10.4
758,9.6
759,9.6
760,9.6
761,8.8
762,9.6
763,8.8
764,8
765,8
766,8
767,7.2
768,8
769,7.2
770,7.2
771,7.2
772,6.4
773,5.6
774,5.6
775,5.6
776,5.6
777,4.8
778,4.8
779,4
780,4.8
781,4
782,4
783,4
784,3.2
785,2.4
786,3.2
787,3.2
788,2.4
789,2.4
790,1.6
791,2.4
792,1.6
793,1.6
794,1.6
795,0.8
796,0
797,0.8
798,0.8
799,0
800,0
801,-0.8
802,-0.8
803,-0.8
804,-0.8
805,-0.8
806,-1.6
807,-1.6
808,-1.6
809,-2.4
810,-2.4
811,-2.4
812,-2.4
813,-4
814,-3.2
815,-3.2
816,-4
817,-4
818,-4
819,-4
820,-4.8
821,-4.8
822,-4.8
823,-5.6
824,-5.6
825,-5.6
826,-6.4
827,-6.4
828,-6.4
829,-6.4
830,-7.2
831,-7.2
832,-7.2
833,-8
834,-8
835,-8
836,-8
837,-8.8
838,-9.6
839,-9.6
840,-9.6
841,-10.4
842,-10.4
843,-10.4
844,-11.2
845,-11.2
846,-11.2
847,-12
848,-11.2
849,-12
850,-12
851,-12
852,-12.8
853,-12.8
854,-12.8
855,-13.6
856,-13.6
857,-14.4
858,-14.4
859,-14.4
860,-15.2
861,-15.2
862,-15.2
863,-15.2
864,-16
865,-16
866,-16
867,-16.8
868,-16
869,-17.6
870,-17.6
871,-17.6
872,-17.6
873,-18.4
874,-18.4
875,-19.2
876,-18.4
877,-19.2
878,-19.2
879,-19.2
880,-19.2
881,-20
882,-20.8
883,-20.8
884,-20.8
885,-21.6
886,-21.6
887,-21.6
888,-21.6
889,-22.4
890,-21.6
891,-22.4
892,-22.4
893,-22.4
894,-23.2
895,-23.2
896,-23.2
897,-23.2
898,-23.2
899,-23.2
900,-23.2
901,-23.2
902,-24
903,-24
904,-24
905,-24
906,-24.8
907,-24.8
908,-25.6
909,-25.6
910,-26.4
911,-26.4
912,-27.2
913,-26.4
914,-27.2
915,-28
916,-28
917,-28
918,-28.8
919,-28
920,-28.8
921,-28.8
922,-28.8
923,-30.4
924,-29.6
925,-29.6
926,-29.6
927,-30.4
928,-30.4
929,-30.4
930,-30.4
931,-31.2
932,-30.4
933,-31.2
934,-31.2
935,-31.2
936,-31.2
937,-31.2
938,-31.2
939,-32.8
940,-32
941,-32.8
942,-32.8
943,-32.8
944,-32.8
945,-32.8
946,-32.8
947,-33.6
948,-33.6
949,-33.6
950,-34.4
951,-33.6
952,-33.6
953,-34.4
954,-34.4
955,-34.4
956,-34.4
957,-35.2
958,-35.2
959,-35.2
960,-36
961,-35.2
962,-36
963,-36
964,-36
965,-36
966,-36.8
967,-36
968,-36.8
969,-36.8
970,-36.8
971,-36.8
972,-36.8
973,-37.6
974,-37.6
975,-37.6
976,-37.6
977,-37.6
978,-37.6
979,-37.6
980,-38.4
981,-38.4
982,-38.4
983,-38.4
984,-38.4
985,-38.4
986,-38.4
987,-38.4
988,-38.4
989,-38.4
990,-38.4
991,-38.4
992,-39.2
993,-39.2
994,-39.2
995,-39.2
996,-39.2
997,-39.2
998,-39.2
999,-39.2
1000,-39.2
1001,-39.2
1002,-39.2
1003,-40
1004,-39.2
1005,-39.2
1006,-38.4
1007,-39.2
1008,-40
1009,-39.2
1010,-39.2
1011,-39.2
1012,-40
1013,-40
1014,-40
1015,-40
1016,-40
1017,-40
1018,-40
1019,-40
1020,-40
1021,-40
1022,-40
1023,-40.8
1024,-40
1025,-40
1026,-40
1027,-40
1028,-40
1029,-40
1030,-40
1031,-40
1032,-40
1033,-40
1034,-40
1035,-40
1036,-40
1037,-40
1038,-40
1039,-40
1040,-40.8
1041,-40
1042,-40
1043,-40
1044,-40.8
1045,-40
1046,-40
1047,-40.8
1048,-40
1049,-40.8
1050,-40
1051,-40
1052,-40
1053,-40.8
1054,-40
1055,-40
1056,-40
1057,-40
1058,-40.8
1059,-40
1060,-40
1061,-40
1062,-40
1063,-40
1064,-40
1065,-40
1066,-40
1067,-40
1068,-40
1069,-40
1070,-40
1071,-40
1072,-40
1073,-40
1074,-40
1075,-39.2
1076,-39.2
1077,-39.2
1078,-39.2
1079,-39.2
1080,-39.2
1081,-39.2
1082,-39.2
1083,-38.4
1084,-38.4
1085,-38.4
1086,-39.2
1087,-39.2
1088,-38.4
1089,-38.4
1090,-38.4
1091,-38.4
1092,-38.4
1093,-38.4
1094,-38.4
1095,-38.4
1096,-37.6
1097,-37.6
1098,-38.4
1099,-37.6
1100,-37.6
1101,-37.6
1102,-37.6
1103,-36.8
1104,-37.6
1105,-36.8
1106,-36.8
1107,-36.8
1108,-36
1109,-36.8
1110,-36.8
1111,-36
1112,-36
1113,-35.2
1114,-36
1115,-35.2
1116,-35.2
1117,-35.2
1118,-34.4
1119,-35.2
1120,-34.4
1121,-34.4
1122,-34.4
1123,-33.6
1124,-33.6
1125,-33.6
1126,-33.6
1127,-33.6
1128,-33.6
1129,-32.8
1130,-32.8
1131,-32.8
1132,-32.8
1133,-32
1134,-32
1135,-32
1136,-31.2
1137,-31.2
1138,-31.2
1139,-31.2
1140,-30.4
1141,-30.4
1142,-31.2
1143,-30.4
1144,-30.4
1145,-30.4
1146,-30.4
1147,-29.6
1148,-29.6
1149,-29.6
1150,-28.8
1151,-28.8
1152,-28
1153,-28.8
1154,-28
1155,-28
1156,-28
1157,-27.2
1158,-27.2
1159,-27.2
1160,-27.2
1161,-27.2
1162,-27.2
1163,-24.8
1164,-26.4
1165,-25.6
1166,-25.6
1167,-24.8
1168,-24.8
1169,-25.6
1170,-24.8
1171,-24.8
1172,-24.8
1173,-24.8
1174,-24
1175,-23.2
1176,-24
1177,-23.2
1178,-23.2
1179,-23.2
1180,-23.2
1181,-23.2
1182,-22.4
1183,-21.6
1184,-21.6
1185,-21.6
1186,-21.6
1187,-20.8
1188,-20.8
1189,-20.8
1190,-20
1191,-20
1192,-20
1193,-19.2
1194,-19.2
1195,-19.2
1196,-19.2
1197,-18.4
1198,-18.4
1199,-17.6
1200,-17.6
1201,-17.6
1202,-17.6
1203,-17.6
1204,-16.8
1205,-16.8
1206,-16.8
1207,-16
1208,-16
1209,-15.2
1210,-15.2
1211,-15.2
1212,-15.2
1213,-14.4
1214,-14.4
1215,-14.4
1216,-13.6
1217,-13.6
1218,-12.8
1219,-12.8
1220,-12
1221,-12
1222,-12
1223,-12
1224,-12
1225,-11.2
1226,-10.4
1227,-11.2
1228,-10.4
1229,-10.4
1230,-10.4
1231,-9.6
1232,-9.6
1233,-9.6
1234,-8.8
1235,-8.8
1236,-8.8
1237,-8
1238,-8
1239,-8
1240,-7.2
1241,-8
1242,-7.2
1243,-7.2
1244,-6.4
1245,-6.4
1246,-5.6
1247,-5.6
1248,-5.6
1249,-5.6
1250,-4.8
1251,-4
1252,-4
1253,-4
1254,-3.2
1255,-4
1256,-3.2
1257,-3.2
1258,-3.2
1259,-3.2
1260,-2.4
1261,-1.6
1262,-2.4
1263,-1.6
1264,-1.6
1265,-0.8
1266,-0.8
1267,-0.8
1268,-0.8
1269,0
1270,0
1271,0
1272,0.8
1273,0.8
1274,0.8
1275,0.8
1276,1.6
1277,1.6
1278,1.6
1279,2.4
1280,2.4
1281,2.4
1282,2.4
1283,2.4
1284,3.2
1285,3.2
1286,3.2
1287,3.2
1288,4
1289,4
1290,4
1291,4
1292,4.8
1293,5.6
1294,4.8
1295,4.8
1296,5.6
1297,6.4
1298,6.4
1299,6.4
1300,7.2
1301,7.2
1302,7.2
1303,8
1304,8
1305,7.2
1306,8
1307,8.8
1308,8.8
1309,8.8
1310,8.8
1311,8.8
1312,9.6
1313,10.4
1314,10.4
1315,10.4
1316,10.4
1317,10.4
1318,10.4
1319,11.2
1320,11.2
1321,11.2
1322,10.4
1323,12
1324,12
1325,12.8
1326,12.8
1327,12.8
1328,12.8
1329,14.4
1330,13.6
1331,14.4
1332,14.4
1333,13.6
1334,14.4
1335,15.2
1336,15.2
1337,16
1338,16
1339,16.8
1340,16
1341,16.8
1342,16.8
1343,16.8
1344,16.8
1345,17.6
1346,18.4
1347,17.6
1348,18.4
1349,18.4
1350,19.2
1351,18.4
1352,18.4
1353,19.2
1354,19.2
1355,19.2
1356,19.2
1357,20
1358,20
1359,20
1360,20
1361,20
1362,20
1363,20
1364,20.8
1365,20.8
1366,21.6
1367,20.8
1368,21.6
1369,21.6
1370,21.6
1371,21.6
1372,22.4
1373,21.6
1374,22.4
1375,21.6
1376,22.4
1377,22.4
1378,22.4
1379,23.2
1380,24
1381,24
1382,23.2
1383,24
1384,24
1385,24
1386,24
1387,24.8
1388,24.8
1389,24.8
1390,25.6
1391,25.6
1392,25.6
1393,25.6
1394,26.4
1395,26.4
1396,26.4
1397,26.4
1398,26.4
1399,26.4
1400,26.4
1401,27.2
1402,27.2
1403,27.2
1404,27.2
1405,27.2
1406,28
1407,28
1408,28
1409,28
1410,28.8
1411,28
1412,28.8
1413,28
1414,29.6
1415,30.4
1416,29.6
1417,29.6
1418,30.4
1419,30.4
1420,30.4
1421,31.2
1422,31.2
1423,31.2
1424,31.2
1425,31.2
1426,31.2
1427,31.2
1428,31.2
1429,31.2
1430,32
1431,32
1432,32
1433,31.2
1434,32
1435,32.8
1436,32.8
1437,32.8
1438,32.8
1439,33.6
1440,32.8
1441,32.8
1442,33.6
1443,33.6
1444,33.6
1445,33.6
1446,33.6
1447,34.4
1448,35.2
1449,34.4
1450,36
1451,34.4
1452,35.2
1453,35.2
1454,35.2
1455,35.2
1456,35.2
1457,35.2
1458,36
1459,36
1460,36
1461,35.2
1462,36
1463,36
1464,36.8
1465,36
1466,36.8
1467,36.8
1468,36.8
1469,36.8
1470,36.8
1471,36.8
1472,37.6
1473,36.8
1474,37.6
1475,37.6
1476,37.6
1477,37.6
1478,37.6
1479,37.6
1480,37.6
1481,38.4
1482,37.6
1483,38.4
1484,37.6
1485,38.4
1486,38.4
1487,38.4
1488,38.4
1489,38.4
1490,38.4
1491,38.4
1492,38.4
1493,38.4
1494,38.4
1495,39.2
1496,39.2
1497,38.4
1498,39.2
1499,38.4
1500,39.2
1501,39.2
1502,39.2
1503,39.2
1504,39.2
1505,39.2
1506,39.2
1507,40
1508,39.2
1509,40
1510,39.2
1511,39.2
1512,39.2
1513,39.2
1514,40
1515,39.2
1516,39.2
1517,40
1518,40
1519,39.2
1520,40
1521,39.2
1522,40
1523,40
1524,40
1525,40
1526,39.2
1527,40
1528,40
1529,40
1530,39.2
1531,39.2
1532,40
1533,40
1534,39.2
1535,40
1536,40
1537,40
1538,39.2
1539,40
1540,40
1541,40
1542,40
1543,40
1544,40
1545,40
1546,39.2
1547,40
1548,40
1549,40
1550,39.2
1551,39.2
1552,39.2
1553,39.2
1554,39.2
1555,38.4
1556,39.2
1557,39.2
1558,39.2
1559,38.4
1560,38.4
1561,38.4
1562,38.4
1563,38.4
1564,38.4
1565,38.4
1566,38.4
1567,38.4
1568,37.6
1569,37.6
1570,37.6
1571,37.6
1572,37.6
1573,37.6
1574,37.6
1575,36.8
1576,37.6
1577,36.8
1578,36.8
1579,36.8
1580,36.8
1581,36
1582,36.8
1583,36.8
1584,36
1585,36
1586,36
1587,36
1588,36
1589,36
1590,35.2
1591,35.2
1592,35.2
1593,35.2
1594,35.2
1595,35.2
1596,35.2
1597,34.4
1598,34.4
1599,33.6
1600,34.4
1601,34.4
1602,33.6
1603,33.6
1604,33.6
1605,33.6
1606,32.8
1607,32.8
1608,32.8
1609,32
1610,32.8
1611,32.8
1612,32
1613,32
1614,32
1615,32
1616,31.2
1617,31.2
1618,32
1619,31.2
1620,31.2
1621,31.2
1622,30.4
1623,30.4
1624,29.6
1625,30.4
1626,29.6
1627,29.6
1628,29.6
1629,29.6
1630,29.6
1631,29.6
1632,28.8
1633,28.8
1634,28
1635,28
1636,28
1637,28
1638,28
1639,28
1640,27.2
1641,27.2
1642,27.2
1643,27.2
1644,26.4
1645,26.4
1646,26.4
1647,25.6
1648,27.2
1649,25.6
1650,25.6
1651,24.8
1652,24.8
1653,24.8
1654,24.8
1655,24
1656,24
1657,24
1658,23.2
1659,24
1660,23.2
1661,23.2
1662,24
1663,23.2
1664,22.4
1665,22.4
1666,22.4
1667,22.4
1668,21.6
1669,21.6
1670,21.6
1671,21.6
1672,21.6
1673,20.8
1674,20.8
1675,20.8
1676,20
1677,20.8
1678,20
1679,20
1680,20
1681,20
1682,19.2
1683,20
1684,19.2
1685,19.2
1686,18.4
1687,18.4
1688,18.4
1689,17.6
1690,18.4
1691,17.6
1692,17.6
1693,16.8
1694,16.8
1695,16.8
1696,16.8
1697,16.8
1698,16
1699,16
1700,16
1701,16
1702,16
1703,15.2
1704,15.2
1705,14.4
1706,15.2
1707,15.2
1708,14.4
1709,14.4
1710,14.4
1711,14.4
1712,13.6
1713,13.6
1714,13.6
1715,12.8
1716,12
1717,10.4
1718,10.4
1719,10.4
1720,9.6
1721,9.6
1722,10.4
1723,8.8
1724,8.8
1725,8.8
1726,8
1727,8.8
1728,8
1729,7.2
1730,7.2
1731,7.2
1732,7.2
1733,7.2
1734,6.4
1735,5.6
1736,6.4
1737,5.6
1738,5.6
1739,4.8
1740,4.8
1741,4.8
1742,4
1743,4.8
1744,4
1745,4
1746,4
1747,3.2
1748,3.2
1749,2.4
1750,2.4
1751,2.4
1752,2.4
1753,2.4
1754,1.6
1755,1.6
1756,1.6
1757,1.6
1758,0.8
1759,0.8
1760,0
1761,0
1762,0
1763,0
1764,-0.8
1765,-0.8
1766,-0.8
1767,-0.8
1768,-1.6
1769,-1.6
1770,-1.6
1771,-2.4
1772,-2.4
1773,-3.2
1774,-2.4
1775,-2.4
1776,-3.2
1777,-4
1778,-4
1779,-4
1780,-4
1781,-4.8
1782,-4.8
1783,-4.8
1784,-4.8
1785,-5.6
1786,-5.6
1787,-6.4
1788,-6.4
1789,-6.4
1790,-6.4
1791,-6.4
1792,-6.4
1793,-7.2
1794,-8
1795,-8
1796,-8
1797,-8
1798,-8.8
1799,-8.8
1800,-8.8
1801,-9.6
1802,-9.6
1803,-9.6
1804,-10.4
1805,-10.4
1806,-11.2
1807,-11.2
1808,-12
1809,-12
1810,-12
1811,-12
1812,-12
1813,-12.8
1814,-12.8
1815,-12.8
1816,-13.6
1817,-13.6
1818,-14.4
1819,-14.4
1820,-14.4
1821,-14.4
1822,-15.2
1823,-14.4
1824,-15.2
1825,-15.2
1826,-15.2
1827,-16
1828,-16
1829,-16.8
1830,-17.6
1831,-16.8
1832,-17.6
1833,-17.6
1834,-17.6
1835,-18.4
1836,-18.4
1837,-19.2
1838,-18.4
1839,-19.2
1840,-20
1841,-19.2
1842,-20
1843,-20
1844,-20
1845,-20
1846,-20.8
1847,-20.8
1848,-21.6
1849,-20.8
1850,-21.6
1851,-22.4
1852,-22.4
1853,-22.4
1854,-22.4
1855,-23.2
1856,-23.2
1857,-23.2
1858,-23.2
1859,-23.2
1860,-23.2
1861,-23.2
1862,-24
1863,-23.2
1864,-24
1865,-24
1866,-24.8
1867,-24.8
1868,-24.8
1869,-24.8
1870,-25.6
1871,-26.4
1872,-26.4
1873,-26.4
1874,-27.2
1875,-27.2
1876,-28
1877,-27.2
1878,-27.2
1879,-28
1880,-28.8
1881,-28.8
1882,-28.8
1883,-28.8
1884,-29.6
1885,-29.6
1886,-29.6
1887,-29.6
1888,-29.6
1889,-29.6
1890,-30.4
1891,-30.4
1892,-30.4
1893,-31.2
1894,-31.2
1895,-30.4
1896,-31.2
1897,-31.2
1898,-32
1899,-31.2
1900,-32
1901,-32.8
1902,-32
1903,-32.8
1904,-32.8
1905,-32.8
1906,-32
1907,-32.8
1908,-32.8
1909,-33.6
1910,-33.6
1911,-32.8
1912,-34.4
1913,-33.6
1914,-34.4
1915,-34.4
1916,-34.4
1917,-34.4
1918,-35.2
1919,-34.4
1920,-35.2
1921,-35.2
1922,-35.2
1923,-35.2
1924,-35.2
1925,-35.2
1926,-36
1927,-35.2
1928,-36
1929,-36
1930,-36.8
1931,-36.8
1932,-36.8
1933,-36.8
1934,-36.8
1935,-36.8
1936,-37.6
1937,-37.6
1938,-38.4
1939,-37.6
1940,-37.6
1941,-37.6
1942,-37.6
1943,-37.6
1944,-38.4
1945,-37.6
1946,-38.4
1947,-38.4
1948,-38.4
1949,-38.4
1950,-38.4
1951,-38.4
1952,-38.4
1953,-38.4
1954,-38.4
1955,-39.2
1956,-38.4
1957,-38.4
1958,-39.2
1959,-38.4
1960,-38.4
1961,-38.4
1962,-39.2
1963,-39.2
1964,-39.2
1965,-39.2
1966,-38.4
1967,-39.2
1968,-39.2
1969,-40
1970,-39.2
1971,-39.2
1972,-39.2
1973,-39.2
1974,-39.2
1975,-39.2
1976,-39.2
1977,-39.2
1978,-40
1979,-40
1980,-39.2
1981,-40
1982,-39.2
1983,-40
1984,-39.2
1985,-40
1986,-40
1987,-39.2
1988,-40
1989,-39.2
1990,-39.2
1991,-40
1992,-40
1993,-40
1994,-40
1995,-40
1996,-40
1997,-40
1998,-40
1999,-40
2000,-40
2001,-40
2002,-40
2003,-40
2004,-40
2005,-40
2006,-40
2007,-40
2008,-40
2009,-40
2010,-40
2011,-40
2012,-40
2013,-40
2014,-40.8
2015,-40
2016,-40
2017,-40
2018,-40
2019,-40
2020,-40
2021,-40
2022,-40
2023,-40
2024,-40
2025,-40
2026,-40
2027,-40
2028,-40
2029,-40
2030,-40
2031,-40
2032,-40
2033,-40
2034,-40
2035,-39.2
2036,-39.2
2037,-40
2038,-40
2039,-40
2040,-39.2
2041,-39.2
2042,-40
2043,-39.2
2044,-39.2
2045,-39.2
2046,-39.2
2047,-39.2
2048,-38.4
2049,-39.2
2050,-39.2
2051,-38.4
2052,-38.4
2053,-38.4
2054,-38.4
2055,-38.4
2056,-38.4
2057,-38.4
2058,-38.4
2059,-38.4
2060,-38.4
2061,-36.8
2062,-37.6
2063,-37.6
2064,-37.6
2065,-36.8
2066,-36.8
2067,-36.8
2068,-36.8
2069,-36.8
2070,-36
2071,-36
2072,-36
2073,-36
2074,-36
2075,-36
2076,-36
2077,-36
2078,-36
2079,-35.2
2080,-35.2
2081,-34.4
2082,-34.4
2083,-34.4
2084,-33.6
2085,-34.4
2086,-33.6
2087,-33.6
2088,-33.6
2089,-33.6
2090,-32.8
2091,-32.8
2092,-32.8
2093,-32.8
2094,-32.8
2095,-32
2096,-32
2097,-32
2098,-31.2
2099,-31.2
2100,-31.2
2101,-31.2
2102,-31.2
2103,-31.2
2104,-30.4
2105,-30.4
2106,-30.4
2107,-30.4
2108,-29.6
2109,-29.6
2110,-29.6
2111,-29.6
2112,-28.8
2113,-28.8
2114,-28.8
2115,-28
2116,-28.8
2117,-28
2118,-28
2119,-27.2
2120,-28
2121,-27.2
2122,-27.2
2123,-26.4
2124,-26.4
2125,-26.4
2126,-26.4
2127,-25.6
2128,-25.6
2129,-25.6
2130,-24.8
2131,-24.8
2132,-24.8
2133,-24.8
2134,-24
2135,-24
2136,-24
2137,-24
2138,-24
2139,-24
2140,-23.2
2141,-23.2
2142,-22.4
2143,-23.2
2144,-22.4
2145,-21.6
2146,-21.6
2147,-20.8
2148,-20.8
2149,-20.8
2150,-20.8
2151,-20.8
2152,-20
2153,-20
2154,-19.2
2155,-19.2
2156,-19.2
2157,-19.2
2158,-19.2
2159,-18.4
2160,-17.6
2161,-18.4
2162,-17.6
2163,-17.6
2164,-17.6
2165,-17.6
2166,-17.6
2167,-16.8
2168,-16.8
2169,-16
2170,-16
2171,-15.2
2172,-15.2
2173,-15.2
2174,-15.2
2175,-14.4
2176,-13.6
2177,-13.6
2178,-13.6
2179,-13.6
2180,-12.8
2181,-12.8
2182,-12.8
2183,-12
2184,-12
2185,-12
2186,-12
2187,-11.2
2188,-11.2
2189,-10.4
2190,-10.4
2191,-10.4
2192,-10.4
2193,-9.6
2194,-9.6
2195,-8.8
2196,-8.8
2197,-8
2198,-8
2199,-8
2200,-7.2
2201,-8
2202,-7.2
2203,-7.2
2204,-7.2
2205,-6.4
2206,-6.4
2207,-6.4
2208,-5.6
2209,-5.6
2210,-4.8
2211,-4.8
2212,-4.8
2213,-4.8
2214,-4
2215,-4
2216,-4
2217,-2.4
2218,-3.2
2219,-3.2
2220,-2.4
2221,-2.4
2222,-2.4
2223,-3.2
2224,-2.4
2225,-1.6
2226,-1.6
2227,-1.6
2228,-0.8
2229,-0.8
2230,-0.8
2231,-0.8
2232,0
2233,0
2234,0
2235,0.8
2236,1.6
2237,0.8
2238,1.6
2239,1.6
2240,2.4
2241,2.4
2242,2.4
2243,2.4
2244,2.4
2245,3.2
2246,3.2
2247,3.2
2248,4
2249,4
2250,4
2251,3.2
2252,4
2253,4.8
2254,4.8
2255,5.6
2256,5.6
2257,4.8
2258,4.8
2259,6.4
2260,6.4
2261,6.4
2262,6.4
2263,8
2264,7.2
2265,7.2
2266,7.2
2267,8
2268,8.8
2269,8
2270,8.8
2271,8.8
2272,8.8
2273,9.6
2274,9.6
2275,9.6
2276,9.6
2277,10.4
2278,10.4
2279,10.4
2280,11.2
2281,11.2
2282,11.2
2283,12
2284,12
2285,12.8
2286,12.8
2287,12.8
2288,12.8
2289,12.8
2290,12.8
2291,12.8
2292,13.6
2293,14.4
2294,14.4
2295,14.4
2296,14.4
2297,14.4
2298,15.2
2299,15.2
2300,16
2301,16
2302,16
2303,16
2304,16.8
2305,16.8
2306,17.6
2307,17.6
2308,17.6
2309,17.6
2310,18.4
2311,18.4
2312,18.4
2313,18.4
2314,19.2
2315,18.4
2316,19.2
2317,19.2
2318,19.2
2319,19.2
2320,19.2
2321,19.2
2322,20
2323,20
2324,20
2325,20
2326,20.8
2327,20
2328,20.8
2329,20.8
2330,21.6
2331,21.6
2332,21.6
2333,21.6
2334,21.6
2335,21.6
2336,20.8
2337,21.6
2338,22.4
2339,22.4
2340,22.4
2341,23.2
2342,23.2
2343,23.2
2344,23.2
2345,24
2346,24
2347,24.8
2348,24.8
2349,24.8
2350,24.8
2351,25.6
2352,24.8
2353,25.6
2354,25.6
2355,25.6
2356,26.4
2357,25.6
2358,25.6
2359,26.4
2360,27.2
2361,27.2
2362,27.2
2363,27.2
2364,28.8
2365,28
2366,28
2367,28.8
2368,28.8
2369,28
2370,28.8
2371,28.8
2372,29.6
2373,29.6
2374,29.6
2375,28.8
2376,29.6
2377,29.6
2378,29.6
2379,30.4
2380,30.4
2381,30.4
2382,30.4
2383,31.2
2384,31.2
2385,31.2
2386,31.2
2387,31.2
2388,31.2
2389,31.2
2390,31.2
2391,32.8
2392,32.8
2393,32.8
2394,32.8
2395,32.8
2396,32.8
2397,33.6
2398,33.6
2399,33.6
2400,33.6
2401,34.4
2402,33.6
2403,34.4
2404,34.4
2405,34.4
2406,34.4
2407,35.2
2408,34.4
2409,34.4
2410,35.2
2411,35.2
2412,35.2
2413,36
2414,35.2
2415,35.2
2416,36
2417,36
2418,35.2
2419,36
2420,36
2421,36.8
2422,36.8
2423,36
2424,36
2425,36.8
2426,36.8
2427,36.8
2428,36.8
2429,36.8
2430,36.8
2431,37.6
2432,36.8
2433,37.6
2434,37.6
2435,36.8
2436,36.8
2437,37.6
2438,37.6
2439,37.6
2440,38.4
2441,38.4
2442,38.4
2443,38.4
2444,38.4
2445,38.4
2446,38.4
2447,38.4
2448,38.4
2449,38.4
2450,38.4
2451,39.2
2452,39.2
2453,39.2
2454,39.2
2455,39.2
2456,39.2
2457,39.2
2458,39.2
2459,39.2
2460,39.2
2461,39.2
2462,39.2
2463,40
2464,40
2465,40
2466,40
2467,40
2468,40
2469,40
2470,39.2
2471,40
2472,40
2473,40
2474,40
2475,40
2476,40
2477,40
2478,40
2479,40
2480,40
2481,40
2482,40
2483,40
2484,40
2485,40
2486,40
2487,40
2488,40
2489,40
2490,40.8
2491,40
2492,40
2493,40
2494,40
2495,40
2496,39.2
2497,40
2498,40
2499,40
2500,40
